row,column,value
0,0,5.5785065
0,1,-1.4967779
0,2,0.92726475
0,3,-0.99210477
0,4,-3.7721472
1,0,0.7269117
1,1,1.4397944
1,2,0.6459907
1,3,1.7326777
1,4,-3.903841
2,0,0.34421164
2,1,-1.4034971
2,2,5.300454
2,3,-1.2203444
2,4,-3.2389932
3,0,0.7860295
3,1,1.2828614
3,2,0.7318469
3,3,1.5786848
3,4,-4.0606723
4,0,-0.78772825
4,1,-1.3315898
4,2,-0.7519681
4,3,-1.53938
4,4,4.080549
