row,column,value
0,0,0.8855612
0,1,-0.86872447
0,2,0.31169334
1,0,-0.7284835
1,1,0.8890944
1,2,-0.32184133
2,0,-0.43321016
2,1,-0.27718678
2,2,0.93112963
